	time	mood	social	alone	morale	stress	fatigue	compulsions	leisure_activity	trying_to_leave_apt_activity	feedly_activity	schoolworrk_activity	with_parents_activity	working_activity	eating_activity	just_woke_up_activity	workshop_activity	studying_activity	with_friends_activity	tv_activity	school_work_activity	errands_activity	resting_activity	washing_up_activity	ash_stuff_activity	commuting_activity	getting_ready_activity	chatting_activity	with_k_activity	working_out_activity	reading_activity	shopping_activity	work_activity	in_class_activity	schoolwork_activity	therapy_activity	cooking_activity	with_kevin_activity	email_activity	parents_home_location	home_location	vacation_location	therapy_location	mountain_view_location	library_location	airport_location	school_location	kevin_home_location	Sadness_score	Analytical_score	Joy_score	Fear_score	Tentative_score	Anger_score	Confident_score	blinks	max_attention	max_engagement	max_valence	min_attention	min_engagement	min_valence	productivity_score
0	2018-04-12 13:40:07.405005-04:00	2.0	0	True	2.0	4.0	2.0	False	False	False	False	False	False	False	False	False	False	False	False	False	False	False	False	False	False	False	False	False	False	False	False	False	True	False	True	False	False	False	False	False	True	False	False	False	False	False	False	False	0.531304	0.620755	0.0	0.0	0.619782	0.0	0.0	1	98.78546905517578	99.79376983642578	0.0	79.90189361572266	0.08021176606416702	-66.79007720947266	88.91
1	2018-04-12 14:42:51.922735-04:00	2.0	0	True	3.0	4.0	2.0	False	False	False	False	False	False	False	True	False	False	False	False	False	False	False	False	False	False	False	False	False	False	False	False	False	True	False	True	False	False	False	False	False	True	False	False	False	False	False	False	False	0.0	0.0	0.603717	0.0	0.0	0.0	0.0	1	98.78697967529297	16.00478172302246	0.0	97.62317657470703	0.07944608479738235	0.0	96.85
2	2018-04-12 16:47:51.900184-04:00	2.0	0	True	2.0	4.0	3.0	False	False	False	False	False	False	False	False	False	False	False	False	False	False	False	False	False	False	False	False	False	False	False	False	False	True	False	True	False	False	False	False	False	True	False	False	False	False	False	False	False	0.0	0.0	0.603717	0.0	0.0	0.0	0.0	1	98.78697967529297	16.00478172302246	0.0	97.62317657470703	0.07944608479738235	0.0	74.06
3	2018-04-12 17:57:38.743968-04:00	3.0	1	False	3.0	2.0	3.0	False	False	False	False	False	False	False	False	False	False	False	False	False	False	False	False	False	False	False	False	False	False	False	False	False	True	True	True	False	False	False	False	False	False	False	False	False	False	False	True	False	0.0	0.0	0.0	0.0	0.943283	0.0	0.0	0	98.78266143798828	99.9177017211914	0.0	72.94775390625	0.07956336438655853	-54.90515899658203	74.71
4	2018-04-12 21:00:10.756322-04:00	3.0	1	False	3.0	2.0	4.0	False	True	False	False	False	False	False	False	False	False	False	False	False	False	False	False	False	False	False	False	False	False	False	False	False	False	True	False	False	False	False	False	False	False	False	False	False	False	False	True	False	0.645877	0.0	0.683166	0.0	0.839232	0.0	0.0	0	98.7869644165039	61.55473709106445	0.0	95.04878234863281	0.07947846502065659	-18.3936767578125	30.96
5	2018-04-13 15:27:43.578694-04:00	4.0	0	True	4.0	2.0	3.0	False	True	False	False	False	False	False	False	False	False	False	False	False	False	True	True	False	False	False	False	False	False	False	False	False	True	False	True	False	False	False	False	False	True	False	False	False	False	False	False	False	0.556735	0.0	0.678779	0.0	0.701639	0.0	0.0	1	98.78387451171875	99.78158569335938	0.0	40.514739990234375	0.0	-23.904726028442383	54.52
6	2018-04-13 16:29:00.230369-04:00	3.0	1	True	3.0	2.0	3.0	True	False	False	False	False	False	False	False	False	False	False	False	False	False	False	False	False	False	False	False	False	False	False	False	False	True	False	True	False	False	False	False	False	True	False	False	False	False	False	False	False	0.0	0.0	0.623108	0.0	0.853534	0.0	0.0	1	98.78387451171875	99.78158569335938	0.0	40.514739990234375	0.0	-23.904726028442383	84.55
7	2018-04-14 16:22:02.472148-04:00	4.0	1	False	4.0	3.0	2.0	False	True	False	False	False	False	False	False	False	False	False	False	False	False	False	True	False	False	False	False	False	True	False	False	False	True	False	True	False	False	False	False	False	False	False	False	False	False	False	False	True	0.0	0.0	0.0	0.0	0.0	0.0	0.0	0	98.78174591064453	99.92086029052734	99.89176940917969	39.82499313354492	58.21077346801758	0.0	96.99
8	2018-04-14 17:32:10.595708-04:00	4.0	1	False	4.0	2.0	2.0	True	False	False	False	False	False	False	False	False	False	False	False	False	False	False	False	False	False	False	False	False	False	False	False	False	True	False	True	False	False	False	False	False	False	False	False	False	False	False	False	True	0.0	0.0	0.0	0.0	0.0	0.0	0.0	0	98.7761001586914	99.92095184326172	0.0	85.64247131347656	25.051721572875977	-55.49345397949219	96.99
9	2018-04-15 16:52:01.287242-04:00	4.0	1	False	4.0	3.0	2.0	True	False	False	False	False	False	False	False	False	False	False	False	False	False	False	False	False	False	False	False	False	False	False	False	False	True	False	True	False	False	False	False	False	False	False	False	False	False	False	False	True	0.0	0.0	0.0	0.0	0.0	0.0	0.0	0	98.78221893310547	31.617507934570312	0.0	95.01387786865234	0.0792291909456253	-22.398460388183594	95.98
10	2018-04-16 14:27:29.932109-04:00	3.0	1	False	3.0	3.0	2.0	False	False	False	False	False	False	False	True	False	False	False	False	False	False	False	False	False	False	False	False	False	False	False	False	False	True	False	True	False	False	False	False	False	False	False	False	False	True	False	True	False	0.0	0.0	0.789999	0.0	0.0	0.0	0.0	0	98.78652954101562	9.790725708007812	0.0	84.81973266601562	0.0798165425658226	-0.35702088475227356	70.98
11	2018-04-16 16:29:39.198534-04:00	3.0	1	False	3.0	4.0	2.0	True	False	False	False	False	False	False	False	False	False	False	False	False	False	False	False	False	False	False	False	False	False	False	False	False	True	False	True	False	False	False	False	False	False	False	False	False	True	False	True	False	0.0	0.61954	0.0	0.0	0.96195	0.0	0.0	18	98.7863540649414	99.92034912109375	34.35411071777344	39.456539154052734	0.0	-97.58506774902344	75.24
12	2018-04-16 17:39:30.197282-04:00	2.0	0	False	2.0	5.0	2.0	False	False	False	False	False	False	False	False	False	False	False	False	False	False	False	False	False	False	False	False	False	False	False	False	False	True	False	True	False	False	False	False	False	False	False	False	False	False	False	True	False	0.0	0.939283	0.662421	0.0	0.0	0.0	0.0	1	98.78467559814453	99.91376495361328	0.0	36.24772644042969	0.07955696433782578	-16.226659774780273	73.69
13	2018-04-16 18:48:19.579470-04:00	3.0	3	False	3.0	2.0	2.0	False	False	False	False	False	False	False	True	False	False	False	False	False	False	False	False	False	False	False	False	False	False	False	False	False	True	True	True	False	False	False	False	False	False	False	False	False	False	False	True	False	0.0	0.939283	0.662421	0.0	0.0	0.0	0.0	6	98.7870864868164	99.92101287841797	98.87246704101562	37.90541076660156	0.08038374036550522	-71.16096496582031	77.63
14	2018-04-17 02:04:10.561967-04:00	1.5	0	False	2.0	4.0	5.0	True	False	False	False	False	False	False	False	False	False	False	False	False	False	False	False	False	False	False	False	False	False	False	False	False	True	False	True	False	False	False	False	False	True	False	False	False	False	False	False	False	0.0	0.546153	0.573975	0.0	0.0	0.0	0.0	0	98.7774887084961	99.84156799316406	0.0	37.50179672241211	0.07929561287164688	-23.64270782470703	85.78
15	2018-04-17 11:51:16.224615-04:00	5.0	4	False	4.0	2.0	4.0	False	False	False	False	False	False	False	False	False	False	False	True	False	False	False	False	False	False	False	False	False	False	False	False	False	False	False	False	False	False	False	False	False	False	False	False	False	False	False	True	False	0.578777	0.0	0.64553	0.0	0.93509	0.0	0.0	0	98.63292694091797	99.9209976196289	85.6939926147461	35.64508819580078	0.15124033391475677	-78.6627426147461	79.1
16	2018-04-17 13:32:36.023295-04:00	4.0	7	False	3.0	3.0	4.0	True	False	False	False	False	False	False	False	False	False	False	False	False	False	False	False	False	False	False	False	False	False	False	False	False	False	True	False	False	False	False	False	False	False	False	False	False	False	False	True	False	0.0	0.0	0.622995	0.0	0.836844	0.0	0.0	2	98.78185272216797	99.26377868652344	0.0	87.87613677978516	0.07975461333990097	-14.956252098083496	82.13
17	2018-04-17 20:10:33.836753-04:00	1.0	5	False	1.0	4.0	5.0	False	False	False	False	False	False	False	False	False	False	False	False	False	False	False	False	False	True	False	False	False	False	False	False	False	False	False	False	False	False	False	False	False	False	False	False	False	False	False	False	True	0.637919	0.541969	0.534571	0.0	0.815828	0.0	0.0	4	98.7760009765625	99.92064666748047	85.26702117919922	51.47690963745117	0.09147395938634872	-46.86103057861328	47.46
18	2018-04-17 21:24:50.885383-04:00	2.0	4	False	1.0	4.0	4.0	False	False	False	False	False	False	False	False	False	False	False	False	False	False	False	False	False	False	False	False	False	False	False	False	False	True	False	True	False	False	False	True	False	False	False	False	False	False	False	False	True	0.0	0.0	0.606882	0.0	0.719276	0.0	0.0	4	98.7760009765625	99.92064666748047	85.26702117919922	51.47690963745117	0.09147395938634872	-46.86103057861328	48.51
19	2018-04-17 22:27:56.891255-04:00	1.5	1	False	1.0	3.0	4.0	False	False	False	False	False	False	False	False	False	False	False	False	False	False	False	False	False	False	False	False	False	False	False	False	False	True	False	True	False	False	False	False	False	False	False	False	False	False	False	False	True	0.540645	0.592436	0.572232	0.0	0.841273	0.0	0.0	4	98.7760009765625	99.92064666748047	85.26702117919922	51.47690963745117	0.09147395938634872	-46.86103057861328	70.41
20	2018-04-18 13:04:26.595564-04:00	3.0	0	True	3.0	3.0	4.0	False	True	False	False	False	False	False	False	False	False	False	False	False	False	False	False	False	False	False	False	False	False	False	False	False	True	False	True	False	False	False	False	False	True	False	False	False	False	False	False	False	0.511104	0.694882	0.541246	0.0	0.827288	0.0	0.0	2	97.42382049560547	0.09047971665859222	0.0	93.70245361328125	0.07935396581888199	0.0	75.53
21	2018-04-18 14:34:11.650753-04:00	2.0	0	True	0.0	3.0	4.0	True	False	False	False	False	False	False	False	False	False	False	False	False	False	False	False	False	False	False	False	False	False	False	False	False	True	False	True	False	False	False	False	False	True	False	False	False	False	False	False	False	0.511104	0.694882	0.541246	0.0	0.827288	0.0	0.0	49	98.78600311279297	99.71769714355469	55.6341667175293	69.03964233398438	0.08053746074438095	-2.617298126220703	95.82
22	2018-04-18 15:36:29.304071-04:00	2.5	0	True	1.0	4.0	4.0	False	False	False	False	False	False	False	False	False	False	False	False	False	False	False	False	False	False	False	False	False	False	False	False	False	True	False	True	False	False	False	False	False	True	False	False	False	False	False	False	False	0.511104	0.694882	0.541246	0.0	0.827288	0.0	0.0	2	97.98323059082031	28.76201820373535	0.0	35.888954162597656	0.07992491871118546	0.0	54.94
23	2018-04-18 17:17:21.588579-04:00	3.0	1	True	2.0	3.0	3.0	False	True	False	False	False	False	False	False	False	False	False	False	False	False	False	False	False	False	False	False	False	False	False	False	False	False	False	False	False	False	False	False	False	True	False	False	False	False	False	False	False	0.0	0.0	0.575524	0.0	0.0	0.0	0.0	2	97.98323059082031	28.76201820373535	0.0	35.888954162597656	0.07992491871118546	0.0	79.31
24	2018-04-18 18:47:19.186395-04:00	3.0	2	False	2.0	3.0	4.0	False	False	False	False	False	False	False	False	False	False	False	False	False	False	False	False	False	False	False	False	False	False	False	False	False	True	True	True	False	False	False	False	False	False	False	False	False	False	False	True	False	0.0	0.0	0.575524	0.0	0.0	0.0	0.0	2	98.78121185302734	99.92097473144531	97.73910522460938	47.40127182006836	0.0	-52.3183479309082	95.28
25	2018-04-18 23:26:52.675730-04:00	3.0	1	True	3.0	2.0	3.0	True	False	False	False	False	False	False	False	False	False	False	False	False	False	False	False	False	False	False	False	False	False	False	False	False	True	False	True	False	False	False	False	False	True	False	False	False	False	False	False	False	0.0	0.811599	0.0	0.0	0.924421	0.0	0.0	0	97.35813903808594	99.92097473144531	0.0	86.67719268798828	0.16735267639160156	-54.32672119140625	95.65
26	2018-04-19 13:16:16.264570-04:00	3.0	2	False	3.0	2.0	3.0	True	True	False	False	False	False	False	False	False	False	False	False	False	False	False	False	False	False	False	False	False	False	False	False	False	True	False	True	False	False	False	False	False	False	False	False	False	False	False	True	False	0.0	0.897581	0.0	0.0	0.852741	0.0	0.0	5	98.78515625	99.90880584716797	35.5909309387207	37.0403938293457	0.07950636744499207	-25.514690399169922	68.9
27	2018-04-19 14:17:44.814801-04:00	2.5	2	False	3.0	2.5	4.0	True	True	False	False	False	False	False	False	False	False	False	False	False	False	False	False	False	False	False	False	False	False	False	False	False	True	False	True	False	False	False	False	False	False	False	False	False	False	False	True	False	0.0	0.0	0.552028	0.0	0.0	0.0	0.0	8	98.78343200683594	99.91840362548828	72.02477264404297	78.84025573730469	0.08056329190731049	-52.57644271850586	82.95
28	2018-04-19 15:30:37.791070-04:00	3.0	6	False	3.0	2.0	4.0	True	False	False	False	False	False	False	False	False	False	False	False	False	False	False	False	False	False	False	False	False	False	False	False	False	True	False	True	False	False	False	False	False	False	False	False	False	False	False	True	False	0.0	0.818141	0.0	0.0	0.0	0.0	0.869578	0	98.78258514404297	99.9207534790039	0.0	67.56981658935547	0.07919170707464218	-83.41419982910156	81.45
29	2018-04-19 16:31:42.171826-04:00	3.0	1	False	3.5	2.0	3.5	False	True	False	False	False	False	False	False	False	False	False	False	False	False	False	False	False	False	False	False	True	False	False	False	False	True	False	True	False	False	False	False	False	False	False	False	False	False	False	True	False	0.0	0.61868	0.570674	0.0	0.0	0.0	0.0	0	98.77977752685547	98.27311706542969	0.0	36.01598358154297	0.07914497703313828	-13.238896369934082	82.77
30	2018-04-19 17:32:42.749026-04:00	2.5	3	False	2.5	3.0	3.0	False	False	False	False	False	False	False	False	False	False	False	False	False	False	False	False	False	False	False	False	False	False	False	False	False	True	False	True	False	False	False	False	False	False	False	False	False	False	False	True	False	0.518875	0.0	0.629995	0.0	0.0	0.676916	0.0	1	98.78047943115234	99.91704559326172	0.0	36.98481750488281	0.07941838353872299	-75.76065826416016	89.28
31	2018-04-19 18:56:24.777494-04:00	3.0	6	False	3.0	2.0	3.5	True	False	False	False	False	False	False	False	False	False	False	False	False	False	False	False	False	False	False	False	False	False	False	False	False	True	True	True	False	False	False	False	False	False	False	False	False	False	False	True	False	0.0	0.0	0.908578	0.0	0.0	0.0	0.626216	0	91.71722412109375	99.78960418701172	90.60820007324219	36.58272171020508	0.08224749565124512	-12.562098503112793	86.46
32	2018-04-19 19:58:46.321390-04:00	3.0	1	False	3.0	1.5	3.0	True	False	False	False	False	False	False	False	False	False	False	False	False	False	False	False	False	False	False	False	False	False	False	False	False	False	True	False	False	False	False	False	False	False	False	False	False	False	False	True	False	0.0	0.698379	0.62945	0.0	0.0	0.0	0.0	1	98.78034973144531	99.02201080322266	80.91373443603516	95.01746368408203	0.07960454374551773	-43.03407669067383	90.67
33	2018-04-19 21:02:04.796639-04:00	2.5	0	False	2.5	1.5	4.0	True	False	False	False	False	False	False	False	False	False	False	False	False	False	False	False	False	False	False	False	False	False	False	False	False	False	True	False	False	False	False	False	False	False	False	False	False	False	False	True	False	0.0	0.698379	0.62945	0.0	0.0	0.0	0.0	1	98.78034973144531	99.02201080322266	80.91373443603516	95.01746368408203	0.07960454374551773	-43.03407669067383	64.4
34	2018-04-19 22:10:22.096696-04:00	3.0	2	False	3.0	2.0	4.0	True	False	False	False	False	False	False	False	False	False	False	False	False	False	False	False	False	False	False	False	False	False	False	False	False	True	False	True	False	False	False	False	False	False	False	False	False	False	False	True	False	0.0	0.698379	0.62945	0.0	0.0	0.0	0.0	2	95.86955261230469	99.91522216796875	16.544469833374023	84.37086486816406	0.0822625383734703	-21.261817932128906	97.74
35	2018-04-19 23:58:00.410655-04:00	2.5	1	True	3.0	2.0	5.0	False	True	False	False	False	False	False	False	False	False	False	False	False	False	False	False	False	False	False	False	False	False	False	False	False	False	False	False	False	False	False	False	False	True	False	False	False	False	False	False	False	0.0	0.573521	0.0	0.0	0.827288	0.0	0.0	2	95.86955261230469	99.91522216796875	16.544469833374023	84.37086486816406	0.0822625383734703	-21.261817932128906	44.08
36	2018-04-22 13:23:49.599772-04:00	3.0	3	False	3.5	2.0	3.5	True	False	False	False	False	False	False	False	False	False	False	False	False	False	False	False	False	False	False	False	False	False	False	False	False	False	True	False	False	False	False	False	False	False	False	False	False	False	False	True	False	0.0	0.0	0.891742	0.0	0.0	0.0	0.869578	1	98.759033203125	99.92101287841797	96.56585693359375	36.98527145385742	0.08187071979045868	-73.1689224243164	86.16
37	2018-04-22 14:46:00.226472-04:00	3.5	3	False	3.0	2.0	3.0	False	False	False	False	False	False	False	False	False	False	False	False	False	False	False	False	False	False	False	False	False	False	False	False	False	False	True	False	False	False	False	False	False	False	False	False	False	False	False	True	False	0.0	0.0	0.566802	0.0	0.928648	0.0	0.0	1	98.759033203125	99.92101287841797	96.56585693359375	36.98527145385742	0.08187071979045868	-73.1689224243164	80.03
38	2018-04-23 14:42:12.035807-04:00	3.5	1	False	3.5	3.0	1.5	False	False	False	False	False	False	False	False	False	False	False	False	False	False	False	False	False	False	False	False	False	True	False	False	False	True	False	True	False	False	False	False	False	False	False	False	False	False	False	False	True	0.0	0.0	0.76145	0.0	0.833659	0.0	0.0	4	98.78560638427734	99.92101287841797	98.17449188232422	35.525596618652344	0.0800330638885498	-48.9768180847168	70.93
39	2018-04-23 15:59:23.999932-04:00	4.0	1	False	4.0	2.5	1.0	False	False	False	False	False	False	False	False	False	False	False	False	False	False	False	False	False	False	False	False	False	True	False	False	False	True	False	True	False	False	False	False	False	False	False	False	False	False	False	False	True	0.0	0.0	0.852901	0.0	0.0	0.0	0.517204	4	98.78560638427734	99.92101287841797	98.17449188232422	35.525596618652344	0.0800330638885498	-48.9768180847168	96.96
40	2018-04-24 12:53:08.957482-04:00	4.5	5	False	4.0	2.0	2.0	False	False	False	False	False	False	False	False	False	False	False	False	False	False	False	False	False	False	False	False	False	False	False	False	False	False	True	False	False	False	False	False	False	False	False	False	False	False	False	True	False	0.555449	0.0	0.503809	0.0	0.0	0.0	0.0	1	98.76329040527344	99.91983795166016	99.9697494506836	71.47862243652344	0.07980818301439285	-38.86475372314453	54.6
41	2018-04-24 16:30:48.348500-04:00	4.5	5	True	4.0	2.5	1.5	True	False	False	False	False	False	False	False	False	False	False	False	False	False	False	False	False	False	False	False	False	False	False	False	False	False	False	False	True	False	False	False	False	True	False	False	False	False	False	False	False	0.539154	0.610897	0.652741	0.0	0.861604	0.0	0.0	0	98.78241729736328	99.91812133789062	99.93891143798828	94.02462005615234	0.08009108901023865	-31.068330764770508	54.15
42	2018-04-24 19:23:37.187591-04:00	4.0	2	True	3.5	3.0	1.5	False	False	False	False	False	False	False	False	False	False	False	False	False	False	False	False	False	False	False	False	False	False	False	False	False	True	False	True	False	False	False	True	False	True	False	False	False	False	False	False	False	0.0	0.0	0.609227	0.603757	0.885806	0.0	0.0	0	98.77806091308594	99.92023468017578	22.03680419921875	82.37816619873047	0.07993391156196594	-17.71889305114746	60.62
43	2018-04-24 20:26:55.898215-04:00	3.5	4	True	3.0	3.5	2.0	False	False	False	False	False	False	False	False	False	False	False	False	False	False	False	False	False	True	False	False	False	False	False	False	False	False	False	False	False	False	False	False	False	True	False	False	False	False	False	False	False	0.0	0.0	0.57473	0.0	0.0	0.0	0.0	7	96.24198150634766	9.399728775024414	0.0	90.4146499633789	0.07997268438339233	0.0	61.78
44	2018-04-24 21:30:59.773387-04:00	3.0	1	True	2.5	3.5	2.0	True	True	False	False	False	False	False	False	False	False	False	False	False	False	False	False	False	False	False	False	False	False	False	False	False	False	False	False	False	False	False	False	False	True	False	False	False	False	False	False	False	0.640854	0.711696	0.0	0.0	0.586281	0.519673	0.0	7	96.24198150634766	9.399728775024414	0.0	90.4146499633789	0.07997268438339233	0.0	62.03
45	2018-04-25 10:23:58.364701-04:00	3.5	3	False	3.5	2.5	4.0	False	False	False	False	False	False	False	False	False	False	False	False	False	False	False	False	False	False	False	False	False	False	False	False	False	False	True	False	False	False	False	False	False	False	False	False	False	False	False	True	False	0.0	0.0	0.0	0.0	0.0	0.0	0.0	0	98.57173919677734	86.28317260742188	7.662182331085205	56.33209228515625	0.0797654539346695	-79.75777435302734	62.4
46	2018-04-25 11:26:47.566921-04:00	2.5	3	False	3.0	3.0	4.5	False	False	False	False	False	False	False	False	False	False	False	False	False	False	False	False	False	False	False	False	False	False	False	False	False	False	True	False	False	False	False	False	False	False	False	False	False	False	False	True	False	0.0	0.0	0.542467	0.0	0.592138	0.0	0.0	6	98.7818832397461	45.1984748840332	0.0	95.876953125	0.07964927703142166	-47.6044807434082	84.59
47	2018-04-25 12:32:36.175990-04:00	5.0	6	False	3.5	2.5	3.5	False	False	False	False	False	False	False	False	False	False	False	False	False	False	False	False	False	False	False	False	False	False	False	False	False	True	False	True	False	False	False	False	False	False	False	False	False	False	False	True	False	0.508206	0.887344	0.0	0.0	0.704699	0.0	0.0	0	98.7815933227539	51.390438079833984	0.0	95.0473403930664	0.07927815616130829	-78.13005828857422	78.55
48	2018-04-25 14:01:50.331694-04:00	3.5	3	True	4.0	2.0	3.5	False	False	False	False	False	False	False	False	False	False	False	False	False	False	False	False	False	False	False	False	False	False	False	False	False	True	False	True	False	False	False	False	False	True	False	False	False	False	False	False	False	0.508206	0.887344	0.0	0.0	0.704699	0.0	0.0	0	98.78316497802734	99.90789794921875	98.51079559326172	89.220703125	0.0	-18.684289932250977	84.13
49	2018-04-25 15:02:33.024393-04:00	3.0	1	True	3.5	2.0	4.0	False	False	False	False	False	False	False	False	False	False	False	False	False	False	False	False	False	False	False	False	False	False	False	False	False	True	False	True	False	False	False	False	False	True	False	False	False	False	False	False	False	0.567508	0.0	0.591717	0.0	0.0	0.0	0.752665	0	98.78316497802734	99.90789794921875	98.51079559326172	89.220703125	0.0	-18.684289932250977	35.83
50	2018-04-25 17:09:27.090474-04:00	3.5	2	False	3.0	1.5	4.0	False	True	False	False	False	False	False	False	False	False	False	True	False	False	False	False	False	False	False	False	False	False	False	False	False	False	False	False	False	False	False	False	False	False	False	False	False	False	False	True	False	0.0	0.729893	0.518793	0.0	0.0	0.0	0.0	3	98.78358459472656	99.89543151855469	22.043392181396484	91.98543548583984	0.07974337041378021	-53.7359619140625	50.57
51	2018-04-25 19:30:32.589290-04:00	2.5	3	False	2.0	1.5	5.0	True	False	False	False	False	False	False	False	False	False	False	False	False	False	False	False	False	False	False	False	False	False	False	False	False	False	True	False	False	False	False	False	False	False	False	False	False	False	False	True	False	0.503083	0.0	0.0	0.0	0.691795	0.0	0.0	0	98.77972412109375	99.92101287841797	93.21996307373047	35.942649841308594	0.0	-71.05750274658203	58.93
52	2018-04-26 16:08:09.079846-04:00	2.5	1	True	2.5	3.0	4.0	False	False	False	False	False	False	False	False	False	False	False	False	False	False	False	False	False	False	False	False	False	False	False	False	False	True	False	True	False	False	False	False	False	True	False	False	False	False	False	False	False	0.0	0.0	0.611842	0.0	0.0	0.0	0.0	2	98.77867126464844	0.608366072177887	0.0	95.00764465332031	0.07954009622335434	-1.742791771888733	96.02
53	2018-04-26 17:09:02.465878-04:00	3.0	0	True	3.0	3.0	3.5	False	False	False	False	False	False	False	False	False	False	False	False	False	False	False	False	False	False	False	False	False	False	False	False	False	True	False	True	False	False	False	False	False	True	False	False	False	False	False	False	False	0.0	0.792632	0.524515	0.0	0.0	0.0	0.574488	2	98.77867126464844	0.608366072177887	0.0	95.00764465332031	0.07954009622335434	-1.742791771888733	94.26
54	2018-04-26 19:35:47.513196-04:00	3.5	5	False	3.0	2.0	3.5	True	False	False	False	False	False	False	False	False	False	False	False	False	False	False	False	False	False	False	False	False	False	False	False	False	False	True	False	False	False	False	False	False	False	False	False	False	False	False	True	False	0.0	0.678421	0.547602	0.0	0.0	0.0	0.0	0	98.7860107421875	99.92050170898438	97.55223083496094	40.3139762878418	0.07958652824163437	-77.78677368164062	91.26
55	2018-04-26 22:03:13.908429-04:00	4.0	7	False	3.0	1.0	4.0	False	True	False	False	False	False	False	False	False	True	False	False	False	False	False	False	False	False	False	False	False	False	False	False	False	True	False	False	False	False	False	False	False	False	False	False	False	False	False	True	False	0.0	0.0	0.6031	0.0	0.892218	0.0	0.0	0	98.4100341796875	99.74816131591797	0.0	85.83113098144531	0.07939451187849045	-47.51499938964844	71.8
56	2018-04-26 23:57:26.985583-04:00	4.5	4	False	4.0	1.5	4.0	True	False	False	False	False	False	False	False	False	False	False	False	False	False	False	False	False	False	False	False	False	True	False	False	False	False	False	False	False	False	False	False	False	True	False	False	False	False	False	False	False	0.0	0.0	0.597909	0.0	0.709824	0.0	0.0	0	98.4100341796875	99.74816131591797	0.0	85.83113098144531	0.07939451187849045	-47.51499938964844	72.11
57	2018-04-27 14:56:19.652225-04:00	3.0	1	False	4.0	2.0	3.4	True	False	False	False	False	False	False	False	False	True	False	False	False	False	False	False	False	False	False	False	False	False	False	False	False	True	False	False	False	False	False	False	False	False	False	False	False	False	False	True	False	0.0	0.0	0.617429	0.0	0.0	0.0	0.0	13	98.78447723388672	48.43383026123047	0.0	42.54963302612305	0.08028031140565872	-18.752103805541992	76.48
58	2018-04-27 16:11:34.700378-04:00	3.0	1	True	3.0	1.5	4.0	False	True	False	False	False	False	False	False	False	False	False	False	False	False	False	False	False	False	False	False	False	False	False	False	False	False	False	False	False	False	False	False	False	False	False	False	False	False	False	False	True	0.0	0.0	0.515189	0.0	0.830019	0.0	0.0	7	98.55015563964844	99.86955261230469	22.732370376586914	35.54743576049805	0.08112511783838272	-19.787525177001953	52.64
59	2018-04-28 22:36:41.524274-04:00	4.0	1	False	3.5	2.5	3.0	True	False	False	False	False	False	False	True	False	False	False	False	False	False	False	False	False	False	False	False	False	True	False	False	False	True	False	True	False	False	False	False	False	False	False	False	False	False	False	False	True	0.600363	0.577231	0.598466	0.0	0.885297	0.0	0.0	0	98.77954864501953	49.16513442993164	0.0	84.59510803222656	0.07938520610332489	0.0	88.58
60	2018-04-28 23:37:20.675196-04:00	3.5	1	False	3.0	3.0	3.5	False	False	False	False	False	False	False	False	False	False	False	False	False	False	False	False	False	False	False	False	False	False	False	False	False	True	False	True	False	False	False	False	False	False	False	False	False	False	False	False	True	0.600363	0.577231	0.598466	0.0	0.885297	0.0	0.0	0	98.78645324707031	99.91548156738281	16.350875854492188	71.2588882446289	0.07954763621091843	-57.31537628173828	91.0
61	2018-04-29 01:53:27.440789-04:00	3.0	1	False	3.0	2.0	4.0	True	False	False	False	False	False	False	False	False	False	False	False	False	False	False	False	False	False	False	False	False	False	False	False	False	True	False	True	False	False	False	False	False	False	False	False	False	False	False	False	True	0.0	0.0	0.0	0.0	0.0	0.0	0.0	0	98.78645324707031	99.91548156738281	16.350875854492188	71.2588882446289	0.07954763621091843	-57.31537628173828	94.88
62	2018-04-29 18:53:16.544943-04:00	4.0	2	False	3.0	3.5	3.0	True	False	False	False	False	False	False	True	False	False	False	False	False	False	True	False	False	False	False	False	False	True	False	False	False	True	False	True	False	False	False	False	False	False	False	False	False	False	False	False	True	0.544247	0.0	0.52944	0.0	0.814426	0.0	0.0	7	98.77711486816406	99.91969299316406	99.76204681396484	44.78520965576172	0.08002829551696777	-95.8617172241211	95.87
63	2018-04-29 20:01:11.232706-04:00	4.0	1	False	3.5	3.0	3.0	True	False	False	False	False	False	False	False	False	False	False	False	False	False	False	False	False	False	False	False	False	True	False	False	False	True	False	True	False	False	False	False	False	False	False	False	False	False	False	False	True	0.578696	0.0	0.509708	0.0	0.803444	0.0	0.0	7	98.77711486816406	99.91969299316406	99.76204681396484	44.78520965576172	0.08002829551696777	-95.8617172241211	85.16
64	2018-04-30 12:23:14.169347-04:00	3.5	4	False	3.5	3.0	2.5	False	False	False	False	False	False	False	True	False	False	False	False	False	False	False	False	False	False	False	False	False	False	False	False	False	True	False	True	False	False	False	False	False	False	False	False	False	False	False	False	True	0.53482	0.0	0.0	0.0	0.940913	0.595266	0.0	1	98.74958038330078	99.9161376953125	2.9006474018096924	38.75750732421875	0.08381004631519318	-65.15179443359375	96.13
65	2018-04-30 14:34:31.534961-04:00	3.0	2	True	3.0	3.5	2.5	True	False	False	False	False	False	False	False	False	False	False	False	False	False	False	False	False	False	False	False	True	False	False	False	False	True	False	True	False	False	False	False	False	True	False	False	False	False	False	False	False	0.505962	0.0	0.568753	0.695774	0.577467	0.0	0.0	3	98.76451873779297	60.09303283691406	0.0	77.41805267333984	0.08307477086782455	0.0	79.7
66	2018-04-30 15:35:22.181766-04:00	3.0	0	True	3.0	3.0	2.0	False	False	False	False	False	False	False	False	False	False	False	False	False	False	False	False	False	False	False	False	False	False	False	False	False	True	False	True	False	False	False	False	False	True	False	False	False	False	False	False	False	0.0	0.873792	0.0	0.0	0.606359	0.0	0.0	0	98.78699493408203	99.11534118652344	0.0	97.61468505859375	0.07916514575481415	-46.82021713256836	93.4
67	2018-04-30 16:40:17.544072-04:00	2.5	0	True	3.0	3.5	2.0	False	False	False	False	False	False	False	False	False	False	False	False	False	False	False	False	False	False	False	False	False	False	False	False	False	True	False	True	False	False	False	False	False	True	False	False	False	False	False	False	False	0.0	0.596122	0.0	0.0	0.71572	0.0	0.0	0	98.78699493408203	99.11534118652344	0.0	97.61468505859375	0.07916514575481415	-46.82021713256836	96.81
68	2018-04-30 17:41:25.284317-04:00	4.0	0	True	4.0	3.0	2.0	True	False	False	False	False	False	False	False	False	False	False	False	False	False	False	False	False	False	False	False	False	False	False	False	False	True	False	True	False	False	False	False	False	True	False	False	False	False	False	False	False	0.0	0.596122	0.0	0.0	0.71572	0.0	0.0	0	98.78699493408203	99.11534118652344	0.0	97.61468505859375	0.07916514575481415	-46.82021713256836	86.13
69	2018-04-30 22:28:27.522694-04:00	4.5	1	False	3.5	2.5	3.0	False	False	False	False	False	False	False	False	False	False	False	False	False	False	False	False	False	False	False	False	False	True	False	False	False	True	False	True	False	False	False	False	False	True	False	False	False	False	False	False	False	0.518089	0.0	0.0	0.0	0.0	0.0	0.0	1	98.78567504882812	81.42606353759766	57.33853530883789	95.19546508789062	0.07942546159029007	0.0	96.44
70	2018-05-01 16:00:08.559133-04:00	3.5	5	True	3.0	2.5	4.0	False	False	False	False	False	False	False	False	False	False	False	False	False	False	False	False	False	False	False	False	False	False	False	False	False	True	False	True	False	False	False	False	False	True	False	False	False	False	False	False	False	0.0	0.0	0.0	0.0	0.915789	0.0	0.0	6	97.35910034179688	47.02125549316406	0.0	83.37498474121094	0.08022227138280869	-33.40348815917969	89.79
71	2018-05-01 17:01:36.128844-04:00	4.0	0	True	3.5	2.5	3.5	False	False	False	False	False	False	False	False	False	False	False	False	False	False	False	False	False	False	False	False	False	False	False	False	False	True	False	True	False	False	False	False	False	True	False	False	False	False	False	False	False	0.534478	0.658313	0.518116	0.0	0.906628	0.0	0.0	6	97.35910034179688	47.02125549316406	0.0	83.37498474121094	0.08022227138280869	-33.40348815917969	62.77
72	2018-05-01 18:03:36.971841-04:00	3.5	2	True	3.0	3.0	4.0	False	False	False	False	False	False	False	False	False	False	False	False	False	False	False	False	False	False	False	False	False	False	False	False	False	True	False	True	False	False	False	False	False	True	False	False	False	False	False	False	False	0.0	0.0	0.659877	0.0	0.824558	0.0	0.0	6	97.35910034179688	47.02125549316406	0.0	83.37498474121094	0.08022227138280869	-33.40348815917969	35.48
73	2018-05-01 23:15:56.087689-04:00	4.0	1	False	3.5	2.5	3.0	False	False	False	False	False	False	False	False	False	False	False	False	False	False	False	False	False	False	False	False	False	True	False	False	False	True	False	True	False	False	False	False	False	False	False	False	False	False	False	False	True	0.0	0.0	0.0	0.0	0.0	0.0	0.0	0	98.66460418701172	50.801605224609375	0.0	91.80901336669922	0.07960973680019379	-41.664512634277344	97.25
74	2018-05-02 12:49:14.769133-04:00	4.0	6	False	3.5	2.5	4.5	True	False	False	False	False	False	False	False	False	False	False	False	False	False	False	False	False	False	False	False	False	False	False	False	False	True	False	True	False	False	False	False	False	False	False	False	False	False	False	True	False	0.0	0.840516	0.647459	0.0	0.0	0.0	0.0	0	98.78510284423828	93.3966064453125	0.0	83.4827651977539	0.07963231950998306	-39.1713981628418	96.8
75	2018-05-02 14:19:09.157708-04:00	4.5	3	False	4.0	2.5	4.0	False	False	False	False	False	False	False	True	False	False	False	False	False	False	False	False	False	False	False	False	True	False	False	False	False	True	False	True	False	False	False	False	False	False	False	False	False	False	False	True	False	0.0	0.0	0.0	0.0	0.0	0.0	0.0	0	98.32682037353516	98.6801528930664	16.05805778503418	41.68404769897461	0.08697481453418732	-67.89878845214844	94.06
76	2018-05-03 14:34:06.711695-04:00	3.0	0	True	3.0	0.0	3.5	False	False	False	False	False	False	False	False	False	False	False	False	False	False	False	False	False	False	False	False	False	False	False	False	False	True	False	True	False	False	False	False	False	True	False	False	False	False	False	False	False	0.0	0.0	0.539841	0.540364	0.0	0.664086	0.0	19	98.7850112915039	99.86993408203125	40.49073791503906	93.24295806884766	0.07928496599197388	-33.209571838378906	83.13
77	2018-05-04 15:58:18.574029-04:00	3.5	6	False	3.0	2.5	1.0	True	True	False	False	False	False	False	False	False	False	False	False	False	False	False	False	False	False	False	False	False	False	False	False	False	False	False	False	False	False	False	False	False	False	False	False	False	False	False	True	False	0.0	0.0	0.0	0.0	0.851154	0.544483	0.0	0	51.172462463378906	0.4143940806388855	-3.4829487800598145	51.172462463378906	0.4143940806388855	-3.4829487800598145	26.67
78	2018-05-06 20:00:09.067334-04:00	4.0	1	False	3.0	0.0	2.0	True	True	False	False	False	False	False	False	False	False	False	False	False	False	False	False	False	False	False	False	False	True	False	False	False	False	False	False	False	False	False	False	False	False	False	False	False	False	False	False	True	0.0	0.0	0.613723	0.694186	0.596661	0.0	0.0	1	98.7431411743164	68.82559967041016	4.612106800079346	38.854698181152344	0.08201111108064651	-79.30652618408203	43.25
79	2018-05-06 21:08:13.997763-04:00	3.0	1	False	3.5	0.0	2.0	False	True	False	False	False	False	False	False	False	False	False	False	False	False	False	False	False	False	False	False	False	True	False	False	False	False	False	False	False	False	False	False	False	False	False	False	False	False	False	False	True	0.0	0.0	0.613723	0.694186	0.596661	0.0	0.0	0	98.7868423461914	81.59661865234375	0.0	96.2894058227539	0.07951194047927856	0.0	36.01
80	2018-05-07 20:25:28.842194-04:00	3.5	5	False	3.0	0.0	1.0	True	False	False	False	False	False	False	False	False	False	False	False	False	False	False	False	False	True	False	False	False	True	False	False	False	False	False	False	False	False	False	False	False	True	False	False	False	False	False	False	False	0.0	0.0	0.595579	0.0	0.910029	0.0	0.0	0	98.68492126464844	99.92101287841797	97.17105865478516	35.639671325683594	16.691261291503906	-59.31880569458008	76.94
81	2018-05-07 22:33:20.416170-04:00	4.0	1	False	3.0	0.0	1.5	False	True	False	False	False	False	False	False	False	False	False	False	False	False	False	False	False	False	False	False	False	True	False	False	False	False	False	False	False	False	False	False	False	True	False	False	False	False	False	False	False	0.525936	0.0	0.0	0.0	0.0	0.0	0.0	1	96.92741394042969	0.15749984979629517	0.0	94.64332580566406	0.08018135279417038	0.0	94.21
82	2018-05-08 13:53:01.177933-04:00	3.0	4	True	3.0	1.0	1.0	False	True	False	False	False	False	False	False	False	False	False	False	False	False	False	False	False	False	False	False	True	False	False	False	False	False	False	False	False	False	False	False	False	True	False	False	False	False	False	False	False	0.546591	0.0	0.606865	0.0	0.548855	0.0	0.0	6	98.7863540649414	99.91742706298828	18.821327209472656	57.485836029052734	0.0	-99.99980926513672	23.28
83	2018-05-13 17:39:51.658356-04:00	3.5	6	False	3.0	0.0	4.5	False	True	False	False	False	False	False	True	False	False	False	False	False	False	False	False	False	False	False	False	False	False	False	False	False	False	False	False	False	False	False	False	True	False	False	False	False	False	False	False	False	0.524936	0.0	0.565607	0.0	0.0	0.0	0.0	5	98.78668975830078	99.11614990234375	41.49047088623047	83.67221069335938	0.0	-34.08064270019531	44.65
84	2018-05-13 19:45:55.447272-04:00	3.5	3	False	4.0	0.0	3.0	True	False	False	False	False	True	False	False	False	False	False	False	False	False	False	False	False	False	False	False	False	False	False	False	False	True	False	True	False	False	False	False	True	False	False	False	False	False	False	False	False	0.58133	0.0	0.515823	0.0	0.733996	0.556213	0.0	1	98.78485870361328	99.7611083984375	19.587085723876953	90.01599884033203	0.07994537800550461	-73.62452697753906	67.33
85	2018-05-13 21:07:33.369424-04:00	3.0	3	False	3.5	1.0	3.0	True	True	False	False	False	True	False	False	False	False	False	False	False	False	False	False	False	False	False	False	True	False	False	False	False	True	False	True	False	False	False	False	True	False	False	False	False	False	False	False	False	0.0	0.0	0.627018	0.0	0.780526	0.0	0.0	5	98.77864837646484	99.89208984375	92.85120391845703	73.89491271972656	0.08045285195112228	-51.21053695678711	40.62
86	2018-05-13 22:21:34.381250-04:00	4.5	3	False	3.5	0.5	3.5	False	True	False	False	False	False	False	False	False	False	False	False	False	False	False	False	False	False	False	False	True	False	False	False	False	False	False	False	False	False	False	False	True	False	False	False	False	False	False	False	False	0.0	0.0	0.0	0.664861	0.50589	0.0	0.0	5	98.77864837646484	99.89208984375	92.85120391845703	73.89491271972656	0.08045285195112228	-51.21053695678711	50.56
87	2018-05-14 18:16:14.515127-04:00	3.5	3	False	3.0	0.5	2.5	False	False	False	False	False	False	False	False	False	False	False	False	False	False	False	False	False	False	False	False	False	False	False	False	False	True	False	True	False	False	False	False	True	False	False	False	False	False	False	False	False	0.0	0.0	0.0	0.0	0.0	0.0	0.0	8	98.71868896484375	99.91943359375	0.0	89.43553924560547	0.07962624728679657	-58.65849304199219	63.95
88	2018-05-14 20:50:07.605966-04:00	3.0	2	False	3.0	0.0	3.0	False	False	False	False	False	False	False	False	False	False	False	False	False	False	False	False	False	False	False	False	False	False	False	False	False	True	False	True	False	False	False	False	True	False	False	False	False	False	False	False	False	0.0	0.0	0.0	0.0	0.515829	0.0	0.0	2	98.60993194580078	99.82879638671875	0.0	94.52377319335938	0.07955722510814667	-46.33134460449219	80.09
89	2018-05-14 21:50:59.777417-04:00	3.0	2	False	3.0	0.0	4.0	False	False	False	False	False	False	False	False	False	False	False	False	False	False	True	False	False	False	False	False	True	False	False	False	False	False	False	False	False	False	False	False	True	False	False	False	False	False	False	False	False	0.0	0.0	0.545996	0.0	0.777596	0.0	0.0	6	98.76666259765625	99.91949462890625	0.0	82.52436065673828	0.08108148723840714	-21.19654083251953	45.67
90	2018-05-14 23:25:59.316385-04:00	1.5	1	False	2.0	3.0	4.5	True	False	False	False	False	False	False	False	False	False	False	False	False	False	False	False	False	False	False	False	True	False	False	False	False	False	False	False	False	False	False	False	True	False	False	False	False	False	False	False	False	0.0	0.758706	0.569258	0.0	0.857268	0.623773	0.0	8	98.7754135131836	99.92074584960938	71.56954193115234	39.58897018432617	0.08040732890367508	-99.61615753173828	57.04
91	2018-05-15 00:26:38.187864-04:00	2.0	1	False	2.0	3.0	5.0	False	False	False	False	False	False	False	False	False	False	False	False	False	False	False	False	False	False	False	False	True	False	False	False	False	False	False	False	False	False	False	False	True	False	False	False	False	False	False	False	False	0.0	0.758706	0.569258	0.0	0.857268	0.623773	0.0	8	98.7754135131836	99.92074584960938	71.56954193115234	39.58897018432617	0.08040732890367508	-99.61615753173828	53.11
92	2018-05-15 12:17:04.631994-04:00	3.0	1	True	3.0	2.0	1.5	False	False	False	False	False	False	False	True	False	False	False	False	False	False	False	False	False	False	False	False	False	False	False	False	False	True	False	True	False	False	False	False	True	False	False	False	False	False	False	False	False	0.548905	0.0	0.640235	0.0	0.0	0.0	0.0	0	98.78480529785156	99.9089126586914	63.5648307800293	80.21188354492188	0.07971696555614471	-33.118934631347656	23.39
93	2018-05-15 13:49:07.426009-04:00	1.0	2	True	2.0	5.0	1.0	True	False	False	False	False	False	False	False	False	False	False	False	False	False	True	False	False	False	False	False	True	False	False	False	False	False	False	False	False	False	False	False	True	False	False	False	False	False	False	False	False	0.534787	0.0	0.603852	0.0	0.657499	0.0	0.0	0	98.78480529785156	99.9089126586914	63.5648307800293	80.21188354492188	0.07971696555614471	-33.118934631347656	56.15
94	2018-05-15 21:17:26.952054-04:00	3.0	2	False	3.0	1.0	3.0	True	True	False	False	False	False	False	False	False	False	False	False	False	False	False	False	False	False	False	False	False	False	False	False	False	False	False	False	False	False	False	False	True	False	False	False	False	False	False	False	False	0.0	0.0	0.622508	0.0	0.0	0.0	0.634748	0	98.78292083740234	37.420223236083984	0.0	95.03392791748047	0.08064554631710052	-22.207847595214844	11.13
95	2018-05-16 13:24:40.534133-04:00	3.0	0	True	3.0	1.0	1.0	True	True	False	False	False	False	False	False	False	False	False	False	False	False	False	False	False	False	False	False	False	False	False	False	False	False	False	False	False	False	False	False	True	False	False	False	False	False	False	False	False	0.62692	0.0	0.572165	0.0	0.699266	0.0	0.0	0	98.78667449951172	99.92015075683594	55.631683349609375	46.919586181640625	0.07971525937318802	-12.981043815612793	66.57
96	2018-05-16 14:26:26.893960-04:00	3.5	7	False	3.0	1.0	1.0	False	True	False	False	False	False	False	False	False	False	False	False	False	False	False	False	False	False	False	False	False	False	False	False	False	False	False	False	False	False	False	False	True	False	False	False	False	False	False	False	False	0.0	0.0	0.611673	0.0	0.508906	0.0	0.0	0	98.78560638427734	99.83932495117188	0.1807136982679367	60.15626907348633	0.08044648915529251	-57.913490295410156	14.07
97	2018-05-16 15:32:28.799677-04:00	4.0	11	False	3.0	0.0	1.0	False	True	False	False	False	False	False	False	False	False	False	False	False	False	False	False	False	False	False	False	True	False	False	False	False	False	False	False	False	False	False	False	True	False	False	False	False	False	False	False	False	0.610829	0.0	0.616568	0.0	0.882683	0.0	0.0	0	98.78560638427734	99.83932495117188	0.1807136982679367	60.15626907348633	0.08044648915529251	-57.913490295410156	16.0
98	2018-05-17 22:45:53.683152-04:00	4.0	1	False	4.0	0.0	2.0	False	False	False	False	False	False	False	False	False	False	False	False	False	False	True	False	False	False	False	False	False	True	False	False	False	False	False	False	False	False	False	False	False	True	False	False	False	False	False	False	False	0.0	0.0	0.574498	0.0	0.0	0.0	0.0	1	98.78532409667969	99.92101287841797	99.30347442626953	42.155426025390625	0.0	-44.39930725097656	99.71
99	2018-05-18 14:58:21.794635-04:00	2.5	2	True	3.5	0.0	3.0	False	True	False	False	False	False	False	False	False	False	False	False	False	False	False	False	False	False	False	False	False	False	False	False	False	False	False	False	False	False	False	False	False	True	False	False	False	False	False	False	False	0.0	0.0	0.0	0.0	0.888766	0.0	0.0	70	98.78684997558594	97.66695404052734	0.0	86.03736114501953	0.07916733622550964	-53.045509338378906	21.22
100	2018-05-18 15:58:21.794635-04:00	2.5	3	True	3.0	0.0	2.5	False	True	False	False	False	False	False	False	False	False	False	False	False	False	False	False	False	False	False	False	False	False	False	False	False	False	False	False	False	False	False	False	False	True	False	False	False	False	False	False	False	0.0	0.0	0.0	0.0	0.888766	0.0	0.0	70	98.78684997558594	97.66695404052734	0.0	86.03736114501953	0.07916733622550964	-53.045509338378906	57.74
101	2018-05-18 16:58:21.794635-04:00	3.0	0	True	3.0	0.0	2.0	False	False	False	False	False	False	False	False	False	False	False	False	False	False	False	False	False	False	False	False	False	False	False	False	False	True	False	False	False	False	False	False	False	True	False	False	False	False	False	False	False	0.0	0.0	0.0	0.0	0.0	0.0	0.0	70	98.78684997558594	97.66695404052734	0.0	86.03736114501953	0.07916733622550964	-53.045509338378906	75.85
102	2018-05-19 15:46:35.727195-04:00	4.0	2	False	3.0	0.0	1.5	False	True	False	False	False	False	False	False	False	False	False	False	False	False	False	False	False	False	False	False	False	True	False	False	False	False	False	False	False	False	False	False	False	True	False	False	False	False	False	False	False	0.0	0.0	0.0	0.0	0.0	0.0	0.0	2	98.78338623046875	99.92101287841797	99.0530776977539	35.70073318481445	0.07940983027219772	-14.984100341796875	24.8
103	2018-05-21 14:48:05.444145-04:00	3.5	5	True	3.0	0.0	2.5	False	True	False	False	False	False	False	False	False	False	False	False	False	False	False	False	False	False	False	False	False	False	False	False	False	False	False	False	False	False	False	False	False	True	False	False	False	False	False	False	False	0.531858	0.558911	0.526397	0.0	0.0	0.0	0.0	3	98.75753021240234	99.46778106689453	0.0	95.25615692138672	0.07926376909017563	-11.001869201660156	59.79
104	2018-05-21 15:48:35.377086-04:00	3.0	0	True	3.0	0.0	2.5	False	False	False	False	False	False	False	False	False	False	False	False	False	False	True	False	False	False	False	False	False	False	False	False	False	False	False	False	False	False	False	False	False	True	False	False	False	False	False	False	False	0.0	0.0	0.648481	0.0	0.833936	0.691976	0.0	3	98.75753021240234	99.46778106689453	0.0	95.25615692138672	0.07926376909017563	-11.001869201660156	53.78
105	2018-05-21 16:49:48.449736-04:00	3.0	1	True	3.0	0.0	2.0	False	True	False	False	False	False	False	False	False	False	False	False	False	False	True	False	False	False	False	False	False	False	False	False	False	False	False	False	False	False	False	False	False	True	False	False	False	False	False	False	False	0.0	0.0	0.0	0.0	0.922999	0.0	0.0	3	98.75753021240234	99.46778106689453	0.0	95.25615692138672	0.07926376909017563	-11.001869201660156	24.33
106	2018-05-22 10:33:49.423204-04:00	3.5	3	True	2.0	0.0	4.0	False	True	False	False	False	False	False	False	False	False	False	False	False	False	False	False	False	False	False	False	True	False	False	False	False	False	False	False	False	False	False	True	False	True	False	False	False	False	False	False	False	0.6451	0.0	0.65656	0.0	0.882987	0.0	0.0	6	98.77615356445312	99.84172821044922	0.9472178220748901	90.20668029785156	0.07957076281309128	-57.664974212646484	24.41
107	2018-05-22 12:31:08.520840-04:00	3.0	0	True	3.0	0.0	3.5	False	False	False	False	False	False	False	False	False	False	False	False	False	False	True	False	False	False	False	False	False	False	False	False	False	False	False	False	False	False	False	False	False	True	False	False	False	False	False	False	False	0.0	0.0	0.0	0.0	0.0	0.0	0.0	6	98.78680419921875	52.15855407714844	13.984306335449219	95.32332611083984	0.07971920818090439	-10.677902221679688	15.36
108	2018-05-22 13:32:14.696994-04:00	3.0	2	True	3.0	0.0	3.0	False	False	False	False	False	False	False	False	False	False	False	False	False	False	True	False	False	False	False	False	True	False	False	False	False	False	False	False	False	False	False	False	False	True	False	False	False	False	False	False	False	0.0	0.0	0.0	0.0	0.978371	0.0	0.0	55	98.78700256347656	99.92062377929688	96.00025939941406	35.840782165527344	0.08059031516313553	-70.1837387084961	38.38
109	2018-05-22 14:35:31.013203-04:00	3.0	1	True	3.0	0.0	3.0	False	False	False	False	False	False	False	False	False	False	False	False	False	False	True	False	False	False	False	False	False	False	False	False	False	False	False	False	False	False	False	False	False	True	False	False	False	False	False	False	False	0.543253	0.518602	0.542263	0.0	0.929844	0.0	0.0	3	98.56111145019531	97.14257049560547	0.0	88.33935546875	0.08052487671375275	-43.58467102050781	46.42
110	2018-05-22 15:36:22.071392-04:00	3.0	1	True	2.5	0.0	3.5	False	True	False	False	False	False	False	False	False	False	False	False	False	False	False	False	False	False	False	False	False	False	False	False	False	False	False	False	False	False	False	False	False	True	False	False	False	False	False	False	False	0.0	0.627525	0.622144	0.0	0.0	0.0	0.939384	2	98.7619857788086	55.360816955566406	0.0	95.00349426269531	0.07958945631980896	-33.83556365966797	47.96
111	2018-05-22 16:53:15.598141-04:00	3.5	0	True	3.5	0.5	3.0	True	False	False	False	False	False	False	False	False	False	False	False	False	False	True	False	False	False	False	False	False	False	False	False	False	False	False	False	False	False	False	False	False	True	False	False	False	False	False	False	False	0.0	0.627525	0.622144	0.0	0.0	0.0	0.939384	2	98.7619857788086	55.360816955566406	0.0	95.00349426269531	0.07958945631980896	-33.83556365966797	58.96
112	2018-05-22 17:54:15.653515-04:00	3.5	1	True	3.5	0.0	3.0	False	False	False	False	False	False	False	False	False	False	False	False	False	False	False	False	False	False	False	False	False	False	False	False	False	True	False	True	False	False	False	False	False	True	False	False	False	False	False	False	False	0.0	0.627525	0.622144	0.0	0.0	0.0	0.939384	2	98.7619857788086	55.360816955566406	0.0	95.00349426269531	0.07958945631980896	-33.83556365966797	86.63
113	2018-05-23 12:29:23.816714-04:00	3.5	2	True	3.5	0.5	2.0	False	False	False	False	False	False	False	False	False	False	False	False	False	False	False	False	False	False	False	True	False	False	False	False	False	False	False	False	False	False	False	False	False	True	False	False	False	False	False	False	False	0.0	0.0	0.610964	0.0	0.595826	0.0	0.0	6	98.77786254882812	99.9209976196289	4.2255635261535645	89.5257568359375	0.0	-94.87025451660156	40.48
114	2018-05-23 13:52:52.643972-04:00	3.0	2	True	3.5	0.0	2.0	False	False	False	False	False	False	False	False	False	False	False	False	False	False	False	False	False	False	False	False	False	False	False	False	False	True	False	True	False	False	False	False	False	False	False	False	False	False	False	True	False	0.0	0.0	0.0	0.0	0.0	0.0	0.784724	6	98.77786254882812	99.9209976196289	4.2255635261535645	89.5257568359375	0.0	-94.87025451660156	75.52
115	2018-05-23 19:16:11.521331-04:00	4.5	5	False	4.5	0.0	1.0	False	False	False	False	False	False	False	False	False	False	False	True	False	False	False	False	False	False	False	False	False	False	False	False	False	True	False	True	False	False	False	False	False	False	False	False	False	False	False	True	False	0.542857	0.0	0.559979	0.0	0.840363	0.0	0.0	0	98.78675842285156	85.3966293334961	0.0	92.22583770751953	0.07998545467853546	-5.490123748779297	56.81
116	2018-05-23 20:18:53.374607-04:00	4.0	2	False	4.0	0.0	2.0	False	False	False	False	False	False	False	False	False	False	False	True	False	False	False	False	False	False	False	False	False	False	False	False	False	True	False	True	False	False	False	False	False	False	False	False	False	False	False	True	False	0.542857	0.0	0.559979	0.0	0.840363	0.0	0.0	0	98.78675842285156	85.3966293334961	0.0	92.22583770751953	0.07998545467853546	-5.490123748779297	60.49
117	2018-05-24 12:57:11.844826-04:00	4.5	3	True	4.0	1.0	2.0	False	False	False	False	False	False	False	False	False	False	False	False	False	False	False	False	False	False	False	False	True	False	False	False	False	False	False	False	False	False	False	True	False	True	False	False	False	False	False	False	False	0.0	0.0	0.601401	0.0	0.0	0.0	0.676189	16	98.74866485595703	99.82279205322266	80.40125274658203	58.93069076538086	0.0829889178276062	-17.987049102783203	62.41
118	2018-05-24 14:09:44.732305-04:00	4.0	1	True	4.5	0.5	2.5	False	False	False	False	False	False	False	False	False	False	False	False	False	False	False	False	False	False	False	False	False	False	False	False	False	True	False	True	False	False	False	False	False	True	False	False	False	False	False	False	False	0.0	0.504602	0.0	0.0	0.0	0.0	0.831039	12	98.75985717773438	97.958740234375	0.0	40.07870101928711	0.08007010072469711	-30.44440460205078	94.84
119	2018-05-24 16:46:03.133409-04:00	3.0	3	True	4.0	1.0	3.0	False	False	False	False	False	False	False	False	False	False	False	False	False	False	False	False	False	False	False	False	False	False	False	False	False	True	False	True	False	False	False	False	False	True	False	False	False	False	False	False	False	0.0	0.0	0.0	0.0	0.890302	0.0	0.0	10	98.70267486572266	99.90026092529297	0.0	72.29859161376953	0.08595240861177444	-48.22760772705078	65.51
120	2018-05-24 17:47:01.866590-04:00	2.5	3	True	3.5	0.5	3.5	True	False	False	False	False	False	False	False	False	False	False	False	False	False	False	False	False	False	False	False	False	False	False	False	False	True	False	True	False	False	False	False	False	True	False	False	False	False	False	False	False	0.544697	0.0	0.0	0.0	0.0	0.0	0.0	10	98.70267486572266	99.90026092529297	0.0	72.29859161376953	0.08595240861177444	-48.22760772705078	89.69
121	2018-05-25 15:14:49.747166-04:00	3.0	4	True	3.5	0.0	1.5	False	True	False	False	False	False	False	False	False	False	False	False	False	False	True	False	False	False	False	False	False	False	False	False	False	True	False	True	False	False	False	False	False	True	False	False	False	False	False	False	False	0.0	0.0	0.600732	0.0	0.0	0.0	0.0	0	98.78677368164062	99.92101287841797	93.2105484008789	37.220333099365234	0.08061899989843369	-97.84825134277344	61.25
122	2018-05-25 17:28:34.368058-04:00	4.0	6	False	4.0	0.0	1.0	False	False	False	False	False	False	False	False	False	False	False	True	False	False	False	False	False	False	False	False	False	False	False	False	False	True	False	True	False	False	False	False	False	False	False	False	False	False	False	True	False	0.0	0.0	0.864204	0.0	0.0	0.0	0.880065	0	98.78677368164062	99.92101287841797	93.2105484008789	37.220333099365234	0.08061899989843369	-97.84825134277344	39.93
123	2018-05-29 18:48:16.198917-04:00	3.0	0	True	2.5	0.0	3.0	True	False	False	False	False	False	False	False	False	False	False	False	False	False	True	False	False	False	False	False	False	False	False	False	False	False	False	False	False	False	False	False	False	True	False	False	False	False	False	False	False	0.0	0.0	0.0	0.0	0.0	0.0	0.0	0	98.75444030761719	15.580900192260742	0.0	92.10059356689453	0.07966209948062897	-20.392606735229492	30.7
124	2018-05-30 11:52:55.641396-04:00	3.0	1	True	2.5	0.0	2.0	False	False	False	False	False	False	False	True	False	False	False	False	False	False	False	False	False	False	False	False	True	False	False	False	False	False	False	False	False	False	False	True	False	False	False	False	False	False	False	False	True	0.505385	0.0	0.633136	0.594919	0.742137	0.58226	0.0	3	98.65351104736328	41.92818069458008	0.0	83.96359252929688	0.0	-77.66983795166016	14.83
125	2018-05-30 12:54:38.158752-04:00	3.0	5	True	3.0	0.0	1.5	True	True	False	True	False	False	False	False	False	False	False	False	False	False	True	False	False	False	False	False	True	False	False	False	False	False	False	False	False	False	False	False	False	False	False	False	False	False	False	False	True	0.0	0.0	0.546478	0.0	0.589202	0.575456	0.0	29	98.78693389892578	99.79751586914062	8.828753471374512	41.96035385131836	0.07930620014667511	-42.53227233886719	36.29
126	2018-05-30 15:51:19.540609-04:00	4.0	9	False	4.0	0.0	1.0	False	False	False	False	False	False	False	False	False	False	False	True	False	False	False	False	False	False	False	False	False	False	False	False	False	True	False	True	False	False	False	False	False	False	False	False	False	False	False	True	False	0.518098	0.715468	0.0	0.0	0.733641	0.0	0.0	0	98.78707122802734	99.61257934570312	0.0	64.58375549316406	0.08191941678524017	-24.53234100341797	85.49
127	2018-05-30 16:54:24.213500-04:00	3.5	4	False	4.5	0.0	1.0	False	False	False	False	False	False	False	False	False	False	False	False	False	False	False	False	False	False	False	False	False	False	False	False	False	True	False	True	False	False	False	False	False	False	False	False	False	False	False	True	False	0.518098	0.715468	0.0	0.0	0.733641	0.0	0.0	3	98.77326202392578	99.91950225830078	0.0	76.06751251220703	0.07932679355144501	-88.88983917236328	95.61
128	2018-05-30 18:04:02.667050-04:00	3.5	3	False	4.0	0.0	1.0	True	False	False	False	False	False	False	False	False	False	False	False	False	False	False	False	False	False	False	False	False	False	False	False	False	True	False	True	False	False	False	False	False	False	False	False	False	False	False	True	False	0.518098	0.715468	0.0	0.0	0.733641	0.0	0.0	0	98.78412628173828	50.160335540771484	0.0	95.01649475097656	0.0792447030544281	-3.7198898792266846	59.46
129	2018-06-02 16:40:40.727517-04:00	2.5	3	True	2.0	2.0	1.5	False	False	False	True	False	False	False	True	False	False	False	False	False	False	False	False	False	False	False	False	True	False	False	False	False	False	False	False	False	False	False	False	False	True	False	False	False	False	False	False	False	0.0	0.884635	0.0	0.0	0.53993	0.0	0.0	23	98.27913665771484	98.9867935180664	64.85977935791016	38.662532806396484	0.0794624388217926	-89.21803283691406	20.13
130	2018-06-02 19:08:28.065821-04:00	3.0	1	True	2.5	1.0	1.0	False	True	False	False	False	False	False	False	False	False	False	False	True	False	False	False	False	False	False	False	False	False	False	False	False	False	False	False	False	False	False	False	False	True	False	False	False	False	False	False	False	0.548702	0.0	0.659324	0.0	0.0	0.0	0.0	11	98.78516387939453	15.72387981414795	36.48252868652344	86.63860321044922	0.08134263008832932	-11.641480445861816	34.25
131	2018-06-02 20:19:14.888844-04:00	3.0	0	True	3.0	0.0	1.5	False	False	False	False	False	False	False	False	False	False	False	False	False	False	True	False	False	False	False	False	False	False	False	False	False	False	False	False	False	False	False	False	False	True	False	False	False	False	False	False	False	0.0	0.0	0.0	0.0	0.0	0.0	0.890603	0	98.78564453125	50.64398193359375	0.0	95.039306640625	0.07957591116428375	-0.2922574281692505	33.5
132	2018-06-02 21:25:25.471260-04:00	3.0	0	True	2.5	0.0	1.5	True	True	False	False	False	False	False	False	False	False	False	False	True	False	False	False	False	False	False	False	False	False	False	False	False	False	False	False	False	False	False	False	False	True	False	False	False	False	False	False	False	0.0	0.0	0.0	0.0	0.0	0.0	0.890603	4	98.77334594726562	99.80445098876953	0.0	73.60454559326172	0.08505053073167801	-73.94866943359375	22.86
133	2018-06-02 22:25:59.244113-04:00	2.5	0	True	2.0	0.0	2.0	True	True	False	False	False	False	False	False	False	False	False	False	True	False	False	False	False	False	False	False	False	False	False	False	False	False	False	False	False	False	False	False	False	True	False	False	False	False	False	False	False	0.0	0.0	0.0	0.0	0.71572	0.0	0.0	4	98.77334594726562	99.80445098876953	0.0	73.60454559326172	0.08505053073167801	-73.94866943359375	42.77
134	2018-06-02 23:26:34.387373-04:00	3.0	0	True	3.0	0.0	2.5	False	False	False	False	False	False	False	False	False	False	False	False	False	False	True	False	False	False	False	False	False	False	False	False	False	False	False	False	False	False	False	False	False	True	False	False	False	False	False	False	False	0.0	0.0	0.0	0.0	0.71572	0.0	0.0	4	98.77334594726562	99.80445098876953	0.0	73.60454559326172	0.08505053073167801	-73.94866943359375	44.82
135	2018-06-03 16:05:10.222202-04:00	3.5	0	True	3.5	0.0	2.0	True	False	False	False	False	False	False	False	False	False	True	False	False	False	False	False	False	False	False	False	False	False	False	False	False	False	False	False	False	False	False	False	False	True	False	False	False	False	False	False	False	0.0	0.0	0.775981	0.0	0.0	0.0	0.0	14	98.78681945800781	99.67346954345703	0.0	96.02071380615234	0.07975385338068008	-73.90531158447266	69.28
136	2018-06-03 17:06:07.752847-04:00	3.5	0	True	4.0	0.5	2.0	False	False	False	False	False	False	False	False	False	False	False	False	False	False	True	False	False	False	False	False	False	False	False	False	False	False	False	False	False	False	False	False	False	True	False	False	False	False	False	False	False	0.0	0.857009	0.63678	0.0	0.0	0.0	0.981685	14	98.78681945800781	99.67346954345703	0.0	96.02071380615234	0.07975385338068008	-73.90531158447266	64.99
137	2018-06-03 22:34:50.265445-04:00	2.5	1	True	2.0	0.0	4.5	True	True	False	False	False	False	False	False	False	False	False	False	True	False	False	False	False	False	False	False	False	False	False	False	False	False	False	False	False	False	False	False	False	True	False	False	False	False	False	False	False	0.0	0.0	0.655934	0.0	0.0	0.0	0.726613	0	97.52589416503906	99.92101287841797	96.31051635742188	64.10150909423828	0.08564603328704834	0.0	13.78
138	2018-06-04 13:07:09.689390-04:00	3.0	1	True	2.5	0.5	1.5	False	True	False	True	False	False	False	False	False	False	True	False	False	False	False	False	False	False	False	False	False	False	False	False	False	False	False	False	False	False	False	False	False	True	False	False	False	False	False	False	False	0.0	0.0	0.0	0.0	0.920133	0.0	0.0	10	98.78582000732422	99.92091369628906	64.4820785522461	92.46526336669922	0.07927261292934418	-93.21764373779297	58.33
139	2018-06-04 14:10:16.359376-04:00	3.0	0	True	3.0	0.0	1.5	True	True	False	True	False	False	False	True	False	False	True	False	False	False	False	False	False	False	False	False	False	False	False	False	False	False	False	False	False	False	False	False	False	True	False	False	False	False	False	False	False	0.578785	0.0	0.0	0.0	0.770435	0.0	0.0	27	98.7861557006836	99.92086029052734	97.53095245361328	64.20189666748047	0.07998457551002502	-2.7106454372406006	53.68
140	2018-06-04 15:11:17.590006-04:00	3.5	1	True	4.0	0.0	2.0	False	False	False	False	False	False	False	False	False	False	False	False	False	False	True	False	False	False	False	False	False	False	False	False	False	False	False	False	False	False	False	False	False	True	False	False	False	False	False	False	False	0.548042	0.0	0.592438	0.0	0.822511	0.0	0.0	3	98.7864761352539	99.9161148071289	98.85263061523438	63.378177642822266	0.08623780310153961	-99.99959564208984	59.47
141	2018-06-04 16:12:55.318465-04:00	3.5	2	True	3.0	1.0	2.0	False	True	False	False	False	False	False	True	False	False	False	False	True	False	True	False	False	False	False	False	False	False	False	False	False	False	False	False	False	False	False	False	False	True	False	False	False	False	False	False	False	0.548042	0.0	0.592438	0.0	0.822511	0.0	0.0	3	98.7864761352539	99.9161148071289	98.85263061523438	63.378177642822266	0.08623780310153961	-99.99959564208984	40.52
142	2018-06-04 17:13:50.572441-04:00	3.0	1	True	3.0	0.5	1.5	False	True	False	False	False	False	False	False	False	False	False	False	True	False	False	False	False	False	False	False	False	False	False	False	False	False	False	False	False	False	False	False	False	True	False	False	False	False	False	False	False	0.548042	0.0	0.592438	0.0	0.822511	0.0	0.0	3	98.7864761352539	99.9161148071289	98.85263061523438	63.378177642822266	0.08623780310153961	-99.99959564208984	49.21
143	2018-06-04 20:05:11.112045-04:00	3.0	3	True	3.0	0.5	2.5	False	False	False	False	False	False	False	False	False	False	False	False	False	False	True	True	False	False	False	False	False	False	False	False	False	False	False	False	False	False	False	False	False	True	False	False	False	False	False	False	False	0.582023	0.0	0.0	0.567726	0.906408	0.0	0.0	0	98.78141784667969	6.042847633361816	0.0	95.001953125	0.07944972068071365	0.0	16.41
144	2018-06-04 21:07:53.273591-04:00	3.5	3	True	3.0	0.5	2.5	False	False	False	False	False	False	False	False	False	False	False	False	False	False	False	False	False	False	False	False	True	False	False	False	False	False	False	False	False	False	False	False	False	True	False	False	False	False	False	False	False	0.0	0.98445	0.0	0.0	0.0	0.0	0.0	2	98.76995086669922	99.46218872070312	0.0	45.24333190917969	0.0	-16.038583755493164	52.64
145	2018-06-04 22:08:39.701324-04:00	3.0	3	True	3.0	0.5	3.0	False	False	False	True	False	False	False	False	False	False	False	False	False	False	False	False	False	False	False	False	False	False	False	False	False	False	False	False	False	False	False	False	False	True	False	False	False	False	False	False	False	0.0	0.0	0.618176	0.0	0.971453	0.0	0.0	1	98.77884674072266	99.88262176513672	36.03489685058594	93.3677749633789	0.08178479969501495	-38.49197769165039	34.94
146	2018-06-04 23:21:37.555581-04:00	3.0	0	True	2.0	0.5	4.0	False	False	False	True	False	False	False	False	False	False	False	False	False	False	False	False	False	False	False	False	False	False	False	False	False	False	False	False	False	False	False	False	False	True	False	False	False	False	False	False	False	0.0	0.0	0.0	0.0	0.972662	0.0	0.0	1	98.77884674072266	99.88262176513672	36.03489685058594	93.3677749633789	0.08178479969501495	-38.49197769165039	12.14
147	2018-06-05 00:22:37.274462-04:00	2.5	0	True	1.0	0.0	4.5	False	True	False	False	False	False	False	False	False	False	False	False	True	False	False	False	False	False	False	False	False	False	False	False	False	False	False	False	False	False	False	False	False	True	False	False	False	False	False	False	False	0.525438	0.546015	0.607177	0.50088	0.645295	0.0	0.0	1	98.77884674072266	99.88262176513672	36.03489685058594	93.3677749633789	0.08178479969501495	-38.49197769165039	19.27
148	2018-06-05 19:34:00.970968-04:00	2.0	2	True	1.0	0.0	4.5	True	False	False	True	False	False	False	False	False	False	False	False	False	False	False	False	False	False	False	False	True	False	False	False	False	False	False	False	False	False	False	False	False	True	False	False	False	False	False	False	False	0.0	0.788671	0.65429	0.0	0.0	0.0	0.780034	7	98.78556060791016	99.91969299316406	77.3680419921875	91.21952056884766	0.08022666722536087	-34.33646011352539	53.5
149	2018-06-05 20:34:40.677602-04:00	3.0	3	True	2.0	1.0	4.5	False	False	False	False	False	False	False	False	False	False	False	False	False	False	False	False	False	True	False	False	False	False	False	False	False	False	False	False	False	False	False	False	False	True	False	False	False	False	False	False	False	0.560903	0.0	0.594282	0.0	0.696228	0.0	0.0	0	98.7750015258789	99.87277221679688	93.07755279541016	87.00493621826172	0.1043630987405777	-38.707157135009766	46.28
150	2018-06-05 21:49:40.132072-04:00	2.5	3	True	1.0	0.5	5.0	False	False	False	False	False	False	False	False	False	False	False	False	False	False	False	False	True	False	False	False	False	False	False	False	False	False	False	False	False	False	False	False	False	True	False	False	False	False	False	False	False	0.537889	0.0	0.583427	0.577339	0.77269	0.540434	0.0	0	98.7750015258789	99.87277221679688	93.07755279541016	87.00493621826172	0.1043630987405777	-38.707157135009766	68.26
151	2018-06-06 21:02:17.457290-04:00	3.0	0	True	2.0	0.0	3.0	True	True	False	False	False	False	False	False	False	False	False	False	True	False	False	False	False	False	False	False	False	False	False	False	False	False	False	False	False	False	False	False	False	True	False	False	False	False	False	False	False	0.0	0.0	0.0	0.0	0.0	0.0	0.0	4	98.785888671875	99.92101287841797	98.89130401611328	73.2833251953125	0.12931346893310547	-99.99987030029297	4.91
152	2018-06-06 22:05:20.078759-04:00	2.5	0	True	1.0	0.0	4.0	True	True	False	True	False	False	False	False	False	False	False	False	False	False	False	False	False	False	False	False	False	False	False	False	False	False	False	False	False	False	False	False	False	True	False	False	False	False	False	False	False	0.0	0.0	0.0	0.0	0.997862	0.0	0.0	4	98.785888671875	99.92101287841797	98.89130401611328	73.2833251953125	0.12931346893310547	-99.99987030029297	57.14
153	2018-06-07 18:10:57.792308-04:00	3.0	0	True	2.0	0.0	3.5	True	True	False	False	False	False	False	False	False	False	False	False	True	False	False	False	False	False	False	False	False	False	False	False	False	False	False	False	False	False	False	False	False	True	False	False	False	False	False	False	False	0.0	0.0	0.741284	0.0	0.0	0.0	0.0	1	98.786865234375	73.04557800292969	0.0	89.38430786132812	0.08000421524047852	-65.84745788574219	60.24
154	2018-06-09 00:10:08.384103-04:00	3.0	0	True	3.0	0.0	3.0	True	True	False	False	False	False	False	False	False	False	False	False	True	False	False	False	False	False	False	False	False	False	False	False	False	False	False	False	False	False	False	False	False	True	False	False	False	False	False	False	False	0.0	0.0	0.652826	0.0	0.0	0.0	0.0	0	98.78446960449219	99.05844116210938	0.0	93.8512191772461	0.0	-18.88134002685547	65.46
155	2018-06-09 11:37:53.727351-04:00	1.5	1	True	3.0	2.0	4.5	True	False	False	False	False	False	False	True	False	False	False	False	False	False	False	False	False	True	False	False	False	False	False	False	False	True	False	True	False	False	False	False	False	True	False	False	False	False	False	False	False	0.0	0.767427	0.0	0.0	0.808202	0.0	0.0	12	98.78418731689453	99.45272827148438	0.0	80.65769958496094	0.08109389245510101	-84.92827606201172	65.58
156	2018-06-09 14:38:55.257152-04:00	2.0	2	True	2.5	1.0	4.0	True	True	False	False	False	False	False	False	False	False	False	False	False	False	False	False	False	False	False	False	False	False	False	False	False	False	False	False	False	False	False	False	False	True	False	False	False	False	False	False	False	0.512257	0.0	0.539578	0.0	0.0	0.0	0.0	2	98.78606414794922	98.39012145996094	44.960872650146484	77.93791961669922	0.0793239176273346	-42.98926544189453	68.84
157	2018-06-11 14:05:20.658672-04:00	3.0	1	True	4.0	0.0	0.0	True	False	False	False	False	False	False	False	False	False	False	False	False	False	False	False	False	True	False	False	False	False	False	False	False	False	False	False	False	False	False	False	False	True	False	False	False	False	False	False	False	0.521059	0.0	0.610631	0.0	0.823467	0.0	0.0	0	98.78706359863281	99.87294006347656	1.1485779285430908	95.79065704345703	0.08002544939517975	-68.1600341796875	88.65
158	2018-06-11 15:05:45.973291-04:00	3.0	1	True	4.0	0.0	0.0	True	False	False	False	False	False	False	False	False	False	False	False	False	False	False	False	False	True	False	False	False	False	False	False	False	False	False	False	False	False	False	False	False	True	False	False	False	False	False	False	False	0.638435	0.0	0.62172	0.0	0.636548	0.0	0.0	0	98.78125762939453	99.89187622070312	18.377038955688477	92.24113464355469	0.07979737222194672	-66.63093566894531	94.89
159	2018-06-11 16:07:11.482610-04:00	3.0	2	True	4.0	0.0	0.0	True	False	False	False	False	False	False	False	False	False	False	False	False	False	False	False	False	True	False	False	False	False	False	False	False	False	False	False	False	False	False	False	False	True	False	False	False	False	False	False	False	0.0	0.0	0.507313	0.0	0.742727	0.0	0.0	0	98.78582000732422	99.01152038574219	0.0	95.69384765625	0.07927249372005463	-80.04188537597656	93.8
160	2018-06-11 17:07:39.497258-04:00	3.0	1	True	4.0	0.0	0.0	True	False	False	False	False	False	False	False	False	False	False	False	False	False	False	False	False	True	False	False	False	False	False	False	False	False	False	False	False	False	False	False	False	True	False	False	False	False	False	False	False	0.544151	0.0	0.509283	0.0	0.0	0.0	0.0	0	98.7803726196289	50.48935317993164	0.0	94.10057830810547	0.08871576189994812	-23.4566707611084	58.08
161	2018-06-11 18:08:22.128340-04:00	3.0	0	True	3.0	0.0	0.0	True	True	False	False	False	False	False	False	False	False	False	False	True	False	False	False	False	False	False	False	False	False	False	False	False	False	False	False	False	False	False	False	False	True	False	False	False	False	False	False	False	0.631474	0.0	0.0	0.0	0.0	0.0	0.0	0	98.78585052490234	99.51325988769531	0.0	82.30057525634766	0.08004847168922424	-87.76968383789062	95.85
162	2018-06-11 19:15:17.607349-04:00	3.0	0	True	3.0	0.0	1.0	True	True	False	False	False	False	False	False	False	False	False	False	False	False	False	False	False	True	False	False	False	False	False	False	False	False	False	False	False	False	False	False	False	True	False	False	False	False	False	False	False	0.534959	0.0	0.0	0.0	0.0	0.0	0.0	0	98.78585052490234	99.51325988769531	0.0	82.30057525634766	0.08004847168922424	-87.76968383789062	81.38
163	2018-06-11 20:15:51.604540-04:00	2.5	0	True	2.5	0.0	2.0	True	False	False	False	False	False	False	False	False	False	False	False	False	False	False	False	False	True	False	False	False	False	False	False	False	False	False	False	False	False	False	False	False	True	False	False	False	False	False	False	False	0.0	0.892619	0.0	0.0	0.0	0.0	0.624531	0	98.7850341796875	46.166481018066406	1.7142982482910156	90.93880462646484	0.0	-31.58125877380371	49.9
164	2018-06-11 21:19:01.307853-04:00	3.0	1	True	3.0	0.0	2.0	True	True	False	False	False	False	False	True	False	False	False	False	True	False	False	False	False	False	False	False	False	False	False	False	False	False	False	False	False	False	False	False	False	True	False	False	False	False	False	False	False	0.0	0.0	0.0	0.0	0.798695	0.0	0.0	0	98.7850341796875	46.166481018066406	1.7142982482910156	90.93880462646484	0.0	-31.58125877380371	50.38
165	2018-06-13 11:24:17.519964-04:00	3.0	0	True	3.5	0.0	2.0	False	False	False	False	False	False	False	False	False	False	False	False	False	False	False	False	False	True	False	False	False	False	False	False	False	False	False	False	False	False	False	False	False	True	False	False	False	False	False	False	False	0.0	0.0	0.578821	0.0	0.695362	0.0	0.0	2	98.78338623046875	76.84577941894531	3.4046037197113037	75.42735290527344	0.07957932353019714	-27.226058959960938	83.94
166	2018-06-13 12:25:34.268124-04:00	2.5	0	True	3.0	0.0	2.5	True	True	False	False	False	False	False	False	False	False	False	False	True	False	False	False	False	False	False	False	False	False	False	False	False	False	False	False	False	False	False	False	False	True	False	False	False	False	False	False	False	0.0	0.0	0.603154	0.0	0.0	0.0	0.0	2	98.78338623046875	76.84577941894531	3.4046037197113037	75.42735290527344	0.07957932353019714	-27.226058959960938	48.62
167	2018-06-13 17:42:14.879580-04:00	3.0	0	True	3.0	0.0	2.0	False	True	False	False	False	False	False	False	False	False	False	False	True	False	False	False	False	True	False	False	False	False	False	False	False	False	False	False	False	False	False	False	False	True	False	False	False	False	False	False	False	0.0	0.0	0.714706	0.0	0.0	0.0	0.0	11	98.7722396850586	93.88118743896484	0.0	95.01160430908203	0.07944373786449432	-11.669697761535645	50.31
168	2018-06-13 18:44:01.423587-04:00	3.0	0	True	3.0	0.0	1.5	False	True	False	False	False	False	False	False	False	False	False	False	True	False	False	False	False	True	False	False	False	False	False	False	False	False	False	False	False	False	False	False	False	True	False	False	False	False	False	False	False	0.0	0.0	0.0	0.0	0.0	0.0	0.0	11	98.7722396850586	93.88118743896484	0.0	95.01160430908203	0.07944373786449432	-11.669697761535645	77.83
169	2018-06-14 16:01:52.579415-04:00	3.0	0	True	3.0	0.0	2.5	False	False	False	False	False	False	False	False	False	False	False	False	False	False	True	False	False	False	False	False	False	False	False	False	False	False	False	False	False	False	False	False	False	True	False	False	False	False	False	False	False	0.0	0.711527	0.812511	0.0	0.932809	0.0	0.0	9	98.78485870361328	48.1798210144043	0.0	62.1915397644043	0.07990371435880661	-31.861328125	6.56
170	2018-06-14 17:07:28.405225-04:00	3.0	0	True	3.0	0.0	2.5	False	False	False	False	False	False	False	False	False	False	False	False	False	False	True	False	False	False	False	False	False	False	False	False	False	False	False	False	False	False	False	False	False	True	False	False	False	False	False	False	False	0.0	0.711527	0.812511	0.0	0.932809	0.0	0.0	18	98.7784652709961	99.92088317871094	0.0	37.58049011230469	0.0	-100.0	25.35
171	2018-06-14 18:09:18.127715-04:00	3.0	3	True	2.5	0.0	3.0	False	False	False	False	False	False	False	False	False	False	False	False	False	False	False	False	False	False	False	False	True	False	False	False	False	False	False	False	False	False	False	False	False	True	False	False	False	False	False	False	False	0.0	0.0	0.0	0.0	0.849113	0.0	0.0	18	98.7784652709961	99.92088317871094	0.0	37.58049011230469	0.0	-100.0	27.54
172	2018-06-14 19:57:18.776021-04:00	3.0	0	True	2.0	0.0	3.5	True	True	False	False	False	False	False	False	False	False	False	False	False	False	True	False	False	False	False	False	False	False	False	False	False	False	False	False	False	False	False	False	False	True	False	False	False	False	False	False	False	0.63065	0.0	0.572992	0.0	0.876678	0.0	0.0	18	98.7784652709961	99.92088317871094	0.0	37.58049011230469	0.0	-100.0	46.49
173	2018-06-18 11:13:25.128331-04:00	3.0	1	True	3.0	0.0	1.0	False	True	False	False	False	False	False	False	False	False	False	False	False	False	False	False	False	False	False	False	False	False	False	False	False	False	False	False	False	False	False	False	False	False	True	False	True	False	False	False	False	0.0	0.0	0.607367	0.0	0.871946	0.0	0.0	0	98.72992706298828	3.9951021671295166	0.0	95.08572387695312	0.08001168072223663	0.0	2.85
174	2018-06-18 12:17:13.856715-04:00	3.0	0	True	3.0	0.0	1.0	False	True	False	False	False	False	False	False	False	False	False	False	False	False	False	False	False	False	False	False	False	False	False	False	True	False	False	False	False	False	False	False	False	False	True	False	True	False	False	False	False	0.0	0.0	0.0	0.0	0.959646	0.0	0.0	0	98.72992706298828	3.9951021671295166	0.0	95.08572387695312	0.08001168072223663	0.0	46.06
175	2018-06-18 13:18:29.327594-04:00	3.5	1	True	3.5	0.0	0.5	True	False	False	False	False	False	False	False	False	False	False	False	False	False	False	False	False	False	False	False	False	False	False	False	False	True	False	True	False	False	False	False	False	False	True	False	True	False	False	False	False	0.52392	0.0	0.602703	0.0	0.911912	0.0	0.0	1	98.78695678710938	83.14586639404297	0.0	76.74274444580078	0.08089226484298706	-91.55630493164062	71.77
176	2018-06-18 14:21:06.867552-04:00	3.0	0	True	3.5	0.0	0.5	True	False	False	False	False	False	False	False	False	False	False	False	False	False	False	False	False	False	False	False	False	False	False	False	False	True	False	True	False	False	False	False	False	False	True	False	True	False	False	False	False	0.0	0.0	0.647343	0.0	0.797965	0.0	0.0	1	98.7864761352539	99.7266616821289	0.0	84.13557434082031	0.0809934139251709	-47.77237319946289	81.57
177	2018-06-18 16:00:25.038558-04:00	3.0	0	True	3.5	0.0	1.0	True	False	False	False	False	False	False	False	False	False	False	False	False	False	False	False	False	False	False	False	False	False	False	False	False	True	False	True	False	False	False	False	False	False	True	False	True	False	False	False	False	0.0	0.0	0.718484	0.0	0.0	0.0	0.0	0	98.25641632080078	51.11907196044922	40.595951080322266	48.6475830078125	0.07990127801895142	-22.880043029785156	67.58
178	2018-06-18 17:45:46.431448-04:00	3.5	1	True	4.0	0.0	1.0	False	False	False	False	False	False	False	False	False	False	False	False	False	False	True	False	False	False	False	False	False	False	False	False	False	False	False	False	False	False	False	False	False	False	True	False	True	False	False	False	False	0.0	0.0	0.718484	0.0	0.0	0.0	0.0	0	98.25641632080078	51.11907196044922	40.595951080322266	48.6475830078125	0.07990127801895142	-22.880043029785156	60.94
179	2018-06-19 11:38:48.033396-04:00	3.0	0	True	4.0	1.0	1.0	True	False	False	False	False	False	False	False	False	False	False	False	False	False	False	False	False	False	False	False	False	False	False	False	False	True	False	True	False	False	False	False	False	False	True	False	True	False	False	False	False	0.0	0.836027	0.595508	0.0	0.794448	0.0	0.0	8	98.78275299072266	99.90857696533203	34.381019592285156	52.85895919799805	0.0	-56.74483871459961	89.43
180	2018-06-19 12:41:40.741966-04:00	3.5	1	True	3.5	0.0	1.0	False	False	False	False	False	False	False	False	False	False	False	False	False	False	False	False	False	False	False	False	False	False	False	False	False	True	False	True	False	False	False	False	False	False	True	False	True	False	False	False	False	0.0	0.0	0.638408	0.0	0.76777	0.522894	0.0	1	98.7869644165039	49.38714599609375	0.0	97.7468032836914	0.08028246462345123	-61.95415115356445	62.61
181	2018-06-19 14:06:54.244025-04:00	3.5	0	True	3.5	1.0	1.0	True	False	False	False	False	False	False	False	False	False	False	False	False	False	False	False	False	False	False	False	False	False	False	False	False	True	False	True	False	False	False	False	False	False	True	False	True	False	False	False	False	0.0	0.816179	0.715691	0.0	0.664175	0.0	0.0	0	96.27989959716797	0.08721286058425903	0.0	94.56934356689453	0.07967512309551239	0.0	96.36
182	2018-06-19 15:07:59.454030-04:00	4.0	1	True	4.0	1.5	1.0	True	False	False	False	False	False	True	False	False	False	False	False	False	False	False	False	False	False	False	False	False	False	False	False	False	True	False	False	False	False	False	False	False	False	True	False	True	False	False	False	False	0.0	0.879391	0.5977	0.0	0.0	0.0	0.0	4	98.786376953125	99.62248992919922	0.43944835662841797	41.297874450683594	0.07936429232358932	-46.77442932128906	45.03
183	2018-06-19 16:50:01.181026-04:00	3.0	2	True	3.0	1.0	2.0	True	False	False	False	False	False	True	False	False	False	False	False	False	False	False	False	False	False	False	False	False	False	True	False	False	True	False	False	False	False	False	False	False	False	True	False	True	False	False	False	False	0.0	0.0	0.557986	0.0	0.601046	0.0	0.0	0	98.78609466552734	99.85581970214844	0.0	41.07187271118164	0.07930630445480347	-65.53009033203125	74.59
184	2018-06-19 18:02:41.094567-04:00	3.5	4	True	4.0	1.0	1.5	True	False	False	False	False	False	False	False	False	False	False	False	False	False	False	False	False	True	False	False	False	False	False	False	False	False	False	False	False	False	False	False	False	False	True	False	True	False	False	False	False	0.0	0.0	0.542118	0.0	0.876641	0.0	0.0	12	98.78602600097656	99.92101287841797	99.4757308959961	87.97886657714844	0.08024987578392029	-99.99620056152344	64.34
185	2018-06-20 11:47:53.763922-04:00	3.0	1	True	3.0	0.0	1.5	False	True	False	False	False	False	False	False	False	False	False	False	False	False	False	False	False	False	False	False	False	False	False	False	False	False	False	False	False	False	False	False	False	False	True	False	True	False	False	False	False	0.0	0.0	0.691088	0.0	0.914133	0.0	0.0	6	97.75560760498047	88.46874237060547	2.7382307052612305	47.36373519897461	0.07944930344820023	-6.7532196044921875	30.76
186	2018-06-20 12:48:49.785712-04:00	2.5	1	True	2.5	0.0	1.5	False	True	False	False	False	False	False	False	False	False	False	False	True	False	False	False	False	False	False	False	False	False	False	False	False	False	False	False	False	False	False	False	False	False	True	False	True	False	False	False	False	0.0	0.511838	0.578734	0.0	0.78378	0.57769	0.0	0	98.76582336425781	99.91897583007812	98.1733627319336	94.10969543457031	0.07965246587991714	-36.021331787109375	26.73
187	2018-06-20 13:50:30.074169-04:00	3.0	2	True	3.0	0.5	1.0	False	False	False	False	True	False	False	False	False	False	False	False	False	False	False	False	False	False	False	False	False	False	False	False	False	False	False	False	False	False	False	False	False	False	True	False	True	False	False	False	False	0.589276	0.0	0.601507	0.0	0.0	0.0	0.0	3	98.78094482421875	55.7299690246582	0.0	92.38164520263672	0.08015312254428864	-12.209004402160645	42.17
188	2018-06-20 14:54:54.292349-04:00	3.0	1	True	2.5	0.0	1.5	False	True	False	False	False	False	False	True	False	False	False	False	True	False	False	False	False	False	False	False	False	False	False	False	False	False	False	False	False	False	False	False	False	False	True	False	True	False	False	False	False	0.0	0.0	0.531234	0.0	0.0	0.0	0.0	1	98.78024291992188	99.84305572509766	0.0	36.324039459228516	0.07965079694986343	-50.34221649169922	57.31
189	2018-06-20 19:16:57.533568-04:00	3.0	1	True	3.0	1.0	2.0	True	False	False	False	False	False	False	False	False	False	False	False	False	False	False	False	False	False	False	False	False	False	False	False	False	True	False	True	False	False	False	False	False	False	True	False	True	False	False	False	False	0.575457	0.803906	0.501047	0.0	0.0	0.0	0.0	0	98.78691101074219	99.91905975341797	92.11502838134766	96.80469512939453	0.07980026304721832	0.0	87.98
190	2018-06-20 20:18:05.896190-04:00	3.0	0	True	3.5	1.5	2.5	True	True	False	False	False	False	False	False	False	False	False	False	True	False	False	False	False	False	False	False	False	False	False	False	False	True	False	True	False	False	False	False	False	False	True	False	True	False	False	False	False	0.63917	0.0	0.0	0.0	0.0	0.0	0.979426	1	98.78226470947266	98.35503387451172	0.0	45.454166412353516	0.0797676146030426	-7.385807514190674	79.84
191	2018-06-20 22:25:00.367234-04:00	4.0	1	False	4.0	0.0	3.0	False	False	False	False	False	False	False	False	False	False	False	False	False	False	False	False	False	False	False	False	False	True	False	False	False	True	False	True	False	False	False	False	False	False	True	False	True	False	False	False	False	0.669659	0.0	0.0	0.0	0.0	0.0	0.0	0	98.77977752685547	99.92015075683594	99.82628631591797	47.67267608642578	0.08123747259378433	-56.57067108154297	88.49
